index,lon,lat,distance,link,reach,strahler,dslink
4736,-3.1875,52.57916700000001,260332.03125,115,1,1,215
4737,-3.1875,52.5875,259404.71875,115,1,1,215
4738,-3.179167,52.5875,258839.8125,115,1,1,215
4739,-3.179167,52.595833,257912.5,115,1,1,215
4740,-3.179167,52.604167,256985.171875,115,1,1,215
4741,-3.170833,52.604167,256420.484375,115,1,1,215
4742,-3.170833,52.6125,255493.15625,115,1,1,215
4743,-3.1625,52.6125,254928.578125,115,1,1,215
4744,-3.1625,52.620833,254001.25,115,1,1,215
4745,-3.154167,52.620833,253436.78125,115,1,1,215
4746,-3.154167,52.629167,252509.453125,115,1,1,215
4747,-3.145833,52.629167,251945.09375,115,1,1,215
4748,-3.145833,52.6375,251017.765625,115,1,1,215
4749,-3.145833,52.645833,250090.4375,115,1,1,215
4750,-3.1375,52.645833,249526.28125,115,1,1,215
4751,-3.1375,52.654167,248598.953125,115,1,1,215
4752,-3.129167,52.654167,248034.90625,115,1,1,215
4753,-3.129167,52.6625,247107.578125,115,1,1,215
4754,-3.120833,52.6625,246543.640625,115,1,1,215
4755,-3.120833,52.670833,245616.3125,115,1,1,215
4756,-3.1125,52.670833,245052.484375,115,1,1,215
4757,-3.1125,52.67916700000001,244125.15625,115,1,1,215
4758,-3.1125,52.6875,243197.828125,115,1,1,215
4759,-3.104167,52.6875,242634.21875,115,1,1,215
4760,-3.104167,52.69583299999999,241706.890625,115,1,1,215
4761,-3.0958330000000003,52.69583299999999,241143.375,115,1,1,215
4762,-3.0958330000000003,52.70416700000001,240216.03125,115,1,1,215
4763,-3.0875,52.70416700000001,239652.625,115,1,1,215
4764,-3.079167,52.70416700000001,239089.21875,115,1,1,215
4765,-3.079167,52.7125,238161.875,115,1,1,215
4766,-3.079167,52.720833,237234.53125,115,1,1,215
4767,-3.0708330000000004,52.720833,236671.34375,115,1,1,215
4768,-3.0708330000000004,52.729167,235744.0,115,1,1,215
4769,-3.0708330000000004,52.7375,234816.65625,115,1,1,215
4770,-3.0625,52.7375,234253.6875,115,1,1,215
4771,-3.054167,52.7375,233690.71875,115,1,1,215
4772,-3.054167,52.745833,232763.375,115,1,1,215
4773,-3.045833,52.745833,232200.515625,115,1,1,215
4774,-3.0375,52.745833,231637.65625,115,1,1,215
4775,-3.029167,52.745833,231074.796875,115,1,1,215
4304,-3.020833,52.745833,230511.9375,215,1,2,265
4305,-3.020833,52.7375,229584.59375,215,1,2,265
4306,-3.0125,52.7375,229021.625,215,1,2,265
4307,-3.004167,52.7375,228458.65625,215,1,2,265
4308,-2.995833,52.7375,227895.6875,215,1,2,265
4309,-2.9875,52.7375,227332.71875,215,1,2,265
4310,-2.979167,52.7375,226769.75,215,1,2,265
4311,-2.9708330000000003,52.7375,226206.78125,215,1,2,265
4312,-2.9708330000000003,52.745833,225279.4375,215,1,2,265
4313,-2.9625,52.745833,224716.578125,215,1,2,265
4314,-2.954167,52.745833,224153.71875,215,1,2,265
4315,-2.9458330000000004,52.745833,223590.859375,215,1,2,265
4316,-2.9375,52.745833,223028.0,215,1,2,265
4317,-2.9375,52.7375,222100.65625,215,1,2,265
4318,-2.929167,52.7375,221537.6875,215,1,2,265
4319,-2.920833,52.7375,220974.71875,215,1,2,265
4320,-2.9125,52.7375,220411.75,215,1,2,265
4321,-2.9125,52.729167,219484.40625,215,1,2,265
4322,-2.904167,52.729167,218921.328125,215,1,2,265
4323,-2.895833,52.729167,218358.25,215,1,2,265
4324,-2.8875,52.729167,217795.171875,215,1,2,265
4325,-2.879167,52.729167,217232.09375,215,1,2,265
4326,-2.870833,52.729167,216669.015625,215,1,2,265
4327,-2.8625,52.729167,216105.9375,215,1,2,265
4328,-2.8625,52.720833,215178.59375,215,1,2,265
4329,-2.854167,52.720833,214615.40625,215,1,2,265
4330,-2.854167,52.729167,213688.0625,215,1,2,265
4331,-2.8458330000000003,52.729167,213124.984375,215,1,2,265
4332,-2.8458330000000003,52.7375,212197.640625,215,1,2,265
4333,-2.8375,52.7375,211634.671875,215,1,2,265
4334,-2.8375,52.745833,210707.328125,215,1,2,265
4335,-2.829167,52.745833,210144.46875,215,1,2,265
4336,-2.8208330000000004,52.745833,209581.609375,215,1,2,265
4337,-2.8125,52.745833,209018.75,215,1,2,265
4338,-2.8125,52.754167,208091.40625,215,1,2,265
4339,-2.804167,52.754167,207528.65625,215,1,2,265
4340,-2.795833,52.754167,206965.90625,215,1,2,265
4341,-2.795833,52.745833,206038.5625,215,1,2,265
4342,-2.795833,52.7375,205111.21875,215,1,2,265
4343,-2.795833,52.729167,204183.875,215,1,2,265
4344,-2.7875,52.729167,203620.796875,215,1,2,265
4345,-2.7875,52.720833,202693.453125,215,1,2,265
4346,-2.779167,52.720833,202130.265625,215,1,2,265
4347,-2.770833,52.720833,201567.078125,215,1,2,265
4348,-2.770833,52.7125,200639.734375,215,1,2,265
4349,-2.7625,52.7125,200076.4375,215,1,2,265
4350,-2.754167,52.7125,199513.140625,215,1,2,265
4351,-2.754167,52.70416700000001,198585.796875,215,1,2,265
4352,-2.745833,52.70416700000001,198022.390625,215,1,2,265
4353,-2.745833,52.7125,197095.046875,215,1,2,265
4354,-2.7375,52.7125,196531.75,215,1,2,265
4355,-2.7375,52.720833,195604.40625,215,1,2,265
4356,-2.729167,52.720833,195041.21875,215,1,2,265
4357,-2.7208330000000003,52.720833,194478.03125,215,1,2,265
4358,-2.7208330000000003,52.7125,193550.6875,215,1,2,265
4359,-2.7125,52.7125,192987.390625,215,1,2,265
4360,-2.7125,52.70416700000001,192060.046875,215,1,2,265
4361,-2.7125,52.69583299999999,191132.703125,215,1,2,265
4362,-2.704167,52.69583299999999,190569.1875,215,1,2,265
4363,-2.704167,52.6875,189641.84375,215,1,2,265
4364,-2.6958330000000004,52.6875,189078.234375,215,1,2,265
4365,-2.6958330000000004,52.67916700000001,188150.90625,215,1,2,265
4366,-2.6875,52.67916700000001,187587.1875,215,1,2,265
4367,-2.679167,52.67916700000001,187023.46875,215,1,2,265
4368,-2.679167,52.670833,186096.140625,215,1,2,265
4369,-2.670833,52.670833,185532.3125,215,1,2,265
4370,-2.670833,52.67916700000001,184604.984375,215,1,2,265
4371,-2.6625,52.67916700000001,184041.265625,215,1,2,265
5980,-2.6625,52.670833,183113.9375,265,1,2,276
5981,-2.654167,52.670833,182550.109375,265,1,2,276
5982,-2.654167,52.6625,181622.78125,265,1,2,276
5983,-2.645833,52.6625,181058.84375,265,1,2,276
5984,-2.645833,52.654167,180131.515625,265,1,2,276
5985,-2.645833,52.645833,179204.1875,265,1,2,276
5986,-2.6375,52.645833,178640.03125,265,1,2,276
5987,-2.629167,52.645833,178075.875,265,1,2,276
5988,-2.620833,52.645833,177511.71875,265,1,2,276
5989,-2.6125,52.645833,176947.5625,265,1,2,276
5990,-2.6125,52.6375,176020.234375,265,1,2,276
5991,-2.604167,52.6375,175455.96875,265,1,2,276
5992,-2.5958330000000003,52.6375,174891.703125,265,1,2,276
5993,-2.5875,52.6375,174327.4375,265,1,2,276
5994,-2.579167,52.6375,173763.171875,265,1,2,276
5995,-2.5708330000000004,52.6375,173198.90625,265,1,2,276
5996,-2.5625,52.6375,172634.640625,265,1,2,276
5997,-2.554167,52.6375,172070.375,265,1,2,276
5998,-2.545833,52.6375,171506.109375,265,1,2,276
5999,-2.5375,52.6375,170941.84375,265,1,2,276
6000,-2.529167,52.6375,170377.578125,265,1,2,276
6001,-2.520833,52.6375,169813.3125,265,1,2,276
6002,-2.5125,52.6375,169249.046875,265,1,2,276
6003,-2.5125,52.629167,168321.71875,265,1,2,276
6004,-2.504167,52.629167,167757.359375,265,1,2,276
6005,-2.495833,52.629167,167193.0,265,1,2,276
6006,-2.4875,52.629167,166628.640625,265,1,2,276
6007,-2.479167,52.629167,166064.28125,265,1,2,276
6008,-2.4708330000000003,52.629167,165499.921875,265,1,2,276
6009,-2.4708330000000003,52.620833,164572.59375,265,1,2,276
6010,-2.4625,52.620833,164008.125,265,1,2,276
6011,-2.454167,52.620833,163443.65625,265,1,2,276
6012,-2.4458330000000004,52.620833,162879.1875,265,1,2,276
6013,-2.4458330000000004,52.6125,161951.859375,265,1,2,276
6014,-2.4375,52.6125,161387.28125,265,1,2,276
6015,-2.4375,52.604167,160459.953125,265,1,2,276
6016,-2.429167,52.604167,159895.265625,265,1,2,276
6017,-2.429167,52.595833,158967.9375,265,1,2,276
6018,-2.4375,52.595833,158403.140625,265,1,2,276
6019,-2.4375,52.5875,157475.8125,265,1,2,276
6020,-2.4375,52.57916700000001,156548.5,265,1,2,276
6021,-2.429167,52.57916700000001,155983.484375,265,1,2,276
6022,-2.420833,52.57916700000001,155418.46875,265,1,2,276
6023,-2.420833,52.57083299999999,154491.15625,265,1,2,276
6024,-2.4125,52.57083299999999,153926.046875,265,1,2,276
6025,-2.4125,52.5625,152998.734375,265,1,2,276
6026,-2.4125,52.55416700000001,152071.421875,265,1,2,276
6027,-2.4125,52.545833,151144.109375,265,1,2,276
6028,-2.4125,52.5375,150216.796875,265,1,2,276
6029,-2.4125,52.529167,149289.484375,265,1,2,276
6030,-2.4125,52.520833,148362.171875,265,1,2,276
6031,-2.404167,52.520833,147796.40625,265,1,2,276
6032,-2.395833,52.520833,147230.640625,265,1,2,276
6033,-2.395833,52.5125,146303.328125,265,1,2,276
6034,-2.3875,52.5125,145737.46875,265,1,2,276
6035,-2.3875,52.504167,144810.15625,265,1,2,276
6036,-2.3875,52.495833,143882.84375,265,1,2,276
6037,-2.3875,52.4875,142955.53125,265,1,2,276
6038,-2.379167,52.4875,142389.34375,265,1,2,276
6039,-2.379167,52.479167,141462.046875,265,1,2,276
6040,-2.370833,52.479167,140895.75,265,1,2,276
6041,-2.370833,52.470833,139968.453125,265,1,2,276
6042,-2.370833,52.4625,139041.15625,265,1,2,276
6043,-2.379167,52.4625,138474.65625,265,1,2,276
6044,-2.379167,52.45416700000001,137547.359375,265,1,2,276
6045,-2.370833,52.45416700000001,136980.75,265,1,2,276
6046,-2.370833,52.44583299999999,136053.453125,265,1,2,276
6047,-2.370833,52.4375,135126.15625,265,1,2,276
6048,-2.3625,52.4375,134559.328125,265,1,2,276
6049,-2.3625,52.42916700000001,133632.03125,265,1,2,276
6050,-2.3625,52.420833,132704.734375,265,1,2,276
6051,-2.354167,52.420833,132137.6875,265,1,2,276
6052,-2.354167,52.4125,131210.390625,265,1,2,276
6053,-2.3458330000000003,52.4125,130643.25,265,1,2,276
6054,-2.3458330000000003,52.404167,129715.96093800002,265,1,2,276
6055,-2.3375,52.404167,129148.703125,265,1,2,276
6056,-2.3375,52.395833,128221.41406199998,265,1,2,276
6057,-2.329167,52.395833,127654.05468800002,265,1,2,276
6058,-2.329167,52.3875,126726.765625,265,1,2,276
6059,-2.329167,52.379167,125799.47656199998,265,1,2,276
6060,-2.3208330000000004,52.379167,125231.89843800002,265,1,2,276
6061,-2.3125,52.379167,124664.32031199998,265,1,2,276
6062,-2.3125,52.37083300000001,123737.03125,265,1,2,276
6063,-2.304167,52.37083300000001,123169.35156199998,265,1,2,276
6064,-2.304167,52.3625,122242.0625,265,1,2,276
6065,-2.3125,52.3625,121674.27343800002,265,1,2,276
6066,-2.3125,52.354167,120746.99218800002,265,1,2,276
6067,-2.3125,52.345833,119819.71093800002,265,1,2,276
6068,-2.304167,52.345833,119251.71093800002,265,1,2,276
6069,-2.295833,52.345833,118683.71093800002,265,1,2,276
6070,-2.295833,52.3375,117756.42968800002,265,1,2,276
6071,-2.2875,52.3375,117188.32031199998,265,1,2,276
6072,-2.279167,52.3375,116620.21093800002,265,1,2,276
6073,-2.279167,52.329167,115692.92968800002,265,1,2,276
6074,-2.270833,52.329167,115124.71093800002,265,1,2,276
6075,-2.270833,52.320833,114197.42968800002,265,1,2,276
6076,-2.270833,52.3125,113270.14843800002,265,1,2,276
6077,-2.270833,52.304167,112342.875,265,1,2,276
6078,-2.270833,52.295833,111415.60156199998,265,1,2,276
6079,-2.270833,52.2875,110488.328125,265,1,2,276
6080,-2.270833,52.279167,109561.05468800002,265,1,2,276
6081,-2.270833,52.270833,108633.78125,265,1,2,276
6082,-2.2625,52.270833,108064.82031199998,265,1,2,276
6083,-2.254167,52.270833,107495.859375,265,1,2,276
6084,-2.254167,52.2625,106568.59375,265,1,2,276
6085,-2.245833,52.2625,105999.523438,265,1,2,276
6086,-2.245833,52.254167,105072.257812,265,1,2,276
6087,-2.2375,52.254167,104503.078125,265,1,2,276
6088,-2.2375,52.24583300000001,103575.8125,265,1,2,276
6089,-2.2375,52.2375,102648.546875,265,1,2,276
6090,-2.2375,52.229167,101721.28125,265,1,2,276
6091,-2.245833,52.229167,101151.78125,265,1,2,276
6092,-2.245833,52.220833,100224.515625,265,1,2,276
6093,-2.245833,52.2125,99297.257812,265,1,2,276
6094,-2.2375,52.2125,98727.546875,265,1,2,276
6095,-2.2375,52.204167,97800.289062,265,1,2,276
6096,-2.2375,52.195833,96873.03125,265,1,2,276
6097,-2.229167,52.195833,96303.109375,265,1,2,276
6098,-2.229167,52.1875,95375.851562,265,1,2,276
6099,-2.229167,52.179167,94448.59375,265,1,2,276
5575,-2.229167,52.170833,93521.335938,276,1,2,286
5576,-2.229167,52.1625,92594.085938,276,1,2,286
5577,-2.229167,52.154167,91666.835938,276,1,2,286
5578,-2.229167,52.145833,90739.585938,276,1,2,286
5579,-2.229167,52.1375,89812.335938,276,1,2,286
5580,-2.229167,52.129167,88885.085938,276,1,2,286
5581,-2.229167,52.12083300000001,87957.835938,276,1,2,286
5582,-2.2375,52.12083300000001,87386.953125,276,1,2,286
5583,-2.2375,52.1125,86459.710938,276,1,2,286
5584,-2.2375,52.104167,85532.46875,276,1,2,286
5585,-2.229167,52.104167,84961.375,276,1,2,286
5586,-2.229167,52.095833,84034.132812,276,1,2,286
5587,-2.2208330000000003,52.095833,83462.929688,276,1,2,286
5588,-2.2208330000000003,52.0875,82535.6875,276,1,2,286
5589,-2.2208330000000003,52.079167,81608.445312,276,1,2,286
5590,-2.2208330000000003,52.070833,80681.203125,276,1,2,286
5591,-2.2125,52.070833,80109.6875,276,1,2,286
5592,-2.2125,52.0625,79182.453125,276,1,2,286
5593,-2.204167,52.0625,78610.828125,276,1,2,286
5594,-2.204167,52.054167,77683.59375,276,1,2,286
5595,-2.204167,52.045833,76756.359375,276,1,2,286
5596,-2.204167,52.0375,75829.125,276,1,2,286
5597,-2.204167,52.029167,74901.890625,276,1,2,286
5598,-2.1958330000000004,52.029167,74329.835938,276,1,2,286
5599,-2.1958330000000004,52.020833,73402.601562,276,1,2,286
5600,-2.1875,52.020833,72830.445312,276,1,2,286
5601,-2.1875,52.0125,71903.21875,276,1,2,286
5602,-2.179167,52.0125,71330.953125,276,1,2,286
5603,-2.179167,52.004167,70403.726562,276,1,2,286
5604,-2.170833,52.004167,69831.359375,276,1,2,286
5479,-2.170833,51.99583300000001,68904.132812,286,1,2,296
5480,-2.170833,51.9875,67976.90625,286,1,2,296
5481,-2.179167,51.9875,67404.320312,286,1,2,296
5482,-2.179167,51.979167,66477.09375,286,1,2,296
5483,-2.1875,51.979167,65904.40625,286,1,2,296
5484,-2.1958330000000004,51.979167,65331.71484400001,286,1,2,296
5485,-2.1958330000000004,51.970833,64404.492188,286,1,2,296
5486,-2.204167,51.970833,63831.69921900001,286,1,2,296
5487,-2.204167,51.9625,62904.476562,286,1,2,296
5488,-2.2125,51.9625,62331.57421900001,286,1,2,296
5489,-2.2125,51.954167,61404.35546900001,286,1,2,296
5490,-2.2208330000000003,51.954167,60831.34765599999,286,1,2,296
5491,-2.229167,51.954167,60258.33984400001,286,1,2,296
5492,-2.229167,51.945833,59331.12109400001,286,1,2,296
5493,-2.2375,51.945833,58758.007812,286,1,2,296
5494,-2.2375,51.9375,57830.789062,286,1,2,296
5495,-2.229167,51.9375,57257.570312,286,1,2,296
5496,-2.229167,51.929167,56330.35546900001,286,1,2,296
5497,-2.2375,51.929167,55757.03125,286,1,2,296
5498,-2.245833,51.929167,55183.70703099999,286,1,2,296
5499,-2.254167,51.929167,54610.382812,286,1,2,296
5500,-2.254167,51.920833,53683.167969,286,1,2,296
5501,-2.2625,51.920833,53109.734375,286,1,2,296
5502,-2.2625,51.9125,52182.519531,286,1,2,296
5503,-2.270833,51.9125,51608.980469,286,1,2,296
5504,-2.270833,51.904167,50681.769531,286,1,2,296
5505,-2.270833,51.895833,49754.558594,286,1,2,296
5506,-2.2625,51.895833,49180.808594,286,1,2,296
5507,-2.2625,51.8875,48253.597656,286,1,2,296
5508,-2.254167,51.8875,47679.742188,286,1,2,296
5509,-2.254167,51.879167,46752.535156,286,1,2,296
5510,-2.2625,51.879167,46178.574219,286,1,2,296
5511,-2.2625,51.87083300000001,45251.367188,286,1,2,296
5512,-2.2625,51.8625,44324.160156,286,1,2,296
5513,-2.2625,51.854167,43396.957031,286,1,2,296
5514,-2.270833,51.854167,42822.675781,286,1,2,296
5515,-2.270833,51.845833,41895.472656,286,1,2,296
5516,-2.279167,51.845833,41321.085938,286,1,2,296
5517,-2.2875,51.845833,40746.699219,286,1,2,296
5518,-2.2875,51.8375,39819.496094,286,1,2,296
5519,-2.295833,51.8375,39245.003906,286,1,2,296
5520,-2.304167,51.8375,38670.511719,286,1,2,296
5521,-2.3125,51.8375,38096.019531,286,1,2,296
5522,-2.3125,51.845833,37168.820312,286,1,2,296
5523,-2.3208330000000004,51.845833,36594.433594,286,1,2,296
5524,-2.329167,51.845833,36020.046875,286,1,2,296
5525,-2.3375,51.845833,35445.660156,286,1,2,296
5526,-2.3458330000000003,51.845833,34871.273438,286,1,2,296
5527,-2.3458330000000003,51.8375,33944.070312,286,1,2,296
5528,-2.354167,51.8375,33369.578125,286,1,2,296
5529,-2.354167,51.829167,32442.378906,286,1,2,296
5530,-2.354167,51.820833,31515.179688,286,1,2,296
5531,-2.3625,51.820833,30940.474609,286,1,2,296
5532,-2.3625,51.8125,30013.277344,286,1,2,296
5533,-2.354167,51.8125,29438.466797000005,286,1,2,296
5534,-2.354167,51.804167,28511.269531,286,1,2,296
5535,-2.3458330000000003,51.804167,27936.353516000006,286,1,2,296
5536,-2.3458330000000003,51.795833,27009.158202999995,286,1,2,296
5537,-2.354167,51.795833,26434.134766,286,1,2,296
5538,-2.3625,51.795833,25859.111328,286,1,2,296
5539,-2.370833,51.795833,25284.087891,286,1,2,296
5540,-2.379167,51.795833,24709.064453,286,1,2,296
5541,-2.3875,51.795833,24134.041016,286,1,2,296
5542,-2.3875,51.804167,23206.847656,286,1,2,296
5543,-2.395833,51.804167,22631.931641,286,1,2,296
5544,-2.404167,51.804167,22057.015625,286,1,2,296
5545,-2.404167,51.8125,21129.820312,286,1,2,296
5546,-2.4125,51.8125,20555.009766,286,1,2,296
5547,-2.420833,51.8125,19980.199219,286,1,2,296
5548,-2.429167,51.8125,19405.388672,286,1,2,296
5549,-2.4375,51.8125,18830.578125,286,1,2,296
5550,-2.4375,51.804167,17903.380859,286,1,2,296
5551,-2.4458330000000004,51.804167,17328.464844,286,1,2,296
5552,-2.4458330000000004,51.795833,16401.269531,286,1,2,296
5553,-2.4458330000000004,51.7875,15474.076172,286,1,2,296
5554,-2.4375,51.7875,14898.947266,286,1,2,296
5555,-2.429167,51.7875,14323.818359,286,1,2,296
5556,-2.420833,51.7875,13748.689453,286,1,2,296
5557,-2.4125,51.7875,13173.560547,286,1,2,296
5558,-2.4125,51.779167,12246.367188,286,1,2,296
5559,-2.404167,51.779167,11671.132812,286,1,2,296
5560,-2.404167,51.770833,10743.941406,286,1,2,296
5561,-2.404167,51.7625,9816.750977,286,1,2,296
5562,-2.404167,51.754167,8889.561523,286,1,2,296
5563,-2.4125,51.754167,8314.008789,286,1,2,296
5564,-2.420833,51.754167,7738.456055,286,1,2,296
5565,-2.429167,51.754167,7162.903809,286,1,2,296
5566,-2.4375,51.754167,6587.351562,286,1,2,296
5567,-2.4375,51.74583300000001,5660.164062,286,1,2,296
5568,-2.4458330000000004,51.74583300000001,5084.505859000001,286,1,2,296
5569,-2.454167,51.74583300000001,4508.847656,286,1,2,296
5570,-2.4625,51.74583300000001,3933.189209000001,286,1,2,296
5571,-2.4625,51.7375,3006.00293,286,1,2,296
5572,-2.4708330000000003,51.7375,2430.23877,286,1,2,296
5573,-2.4708330000000003,51.729167,1503.053711,286,1,2,296
5477,-2.479167,51.729167,927.183716,296,1,2,-1
5099,-3.1125,52.770833,240607.609375,45,2,1,215
5100,-3.104167,52.770833,240045.0625,45,2,1,215
5101,-3.0958330000000003,52.770833,239482.515625,45,2,1,215
5102,-3.0875,52.770833,238919.96875,45,2,1,215
5103,-3.079167,52.770833,238357.421875,45,2,1,215
5104,-3.0708330000000004,52.770833,237794.875,45,2,1,215
5105,-3.0625,52.770833,237232.328125,45,2,1,215
5106,-3.054167,52.770833,236669.78125,45,2,1,215
5107,-3.045833,52.770833,236107.234375,45,2,1,215
5108,-3.0375,52.770833,235544.6875,45,2,1,215
5109,-3.029167,52.770833,234982.140625,45,2,1,215
5110,-3.029167,52.7625,234054.796875,45,2,1,215
5111,-3.020833,52.7625,233492.140625,45,2,1,215
5112,-3.0125,52.7625,232929.484375,45,2,1,215
5113,-3.0125,52.754167,232002.140625,45,2,1,215
5114,-3.0125,52.745833,231074.796875,45,2,1,215
5087,-2.604167,52.7125,191694.890625,55,3,1,265
5088,-2.604167,52.70416700000001,190767.546875,55,3,1,265
5089,-2.6125,52.70416700000001,190204.140625,55,3,1,265
5090,-2.620833,52.70416700000001,189640.734375,55,3,1,265
5091,-2.629167,52.70416700000001,189077.328125,55,3,1,265
5092,-2.6375,52.70416700000001,188513.921875,55,3,1,265
5093,-2.6375,52.69583299999999,187586.578125,55,3,1,265
5094,-2.645833,52.69583299999999,187023.0625,55,3,1,265
5095,-2.654167,52.69583299999999,186459.546875,55,3,1,265
5096,-2.654167,52.6875,185532.203125,55,3,1,265
5097,-2.6625,52.6875,184968.59375,55,3,1,265
5606,-2.7625,52.3875,161881.671875,165,4,1,276
5607,-2.754167,52.3875,161314.203125,165,4,1,276
5608,-2.745833,52.3875,160746.734375,165,4,1,276
5609,-2.745833,52.379167,159819.453125,165,4,1,276
5610,-2.7375,52.379167,159251.875,165,4,1,276
5611,-2.7375,52.37083300000001,158324.59375,165,4,1,276
5612,-2.729167,52.37083300000001,157756.90625,165,4,1,276
5613,-2.729167,52.3625,156829.625,165,4,1,276
5614,-2.7208330000000003,52.3625,156261.828125,165,4,1,276
5615,-2.7208330000000003,52.354167,155334.546875,165,4,1,276
5616,-2.7125,52.354167,154766.65625,165,4,1,276
5617,-2.7125,52.345833,153839.375,165,4,1,276
5618,-2.7125,52.3375,152912.09375,165,4,1,276
5619,-2.7125,52.329167,151984.8125,165,4,1,276
5620,-2.704167,52.329167,151416.59375,165,4,1,276
5621,-2.704167,52.320833,150489.3125,165,4,1,276
5622,-2.6958330000000004,52.320833,149920.984375,165,4,1,276
5623,-2.6958330000000004,52.3125,148993.703125,165,4,1,276
5624,-2.6875,52.3125,148425.265625,165,4,1,276
5625,-2.679167,52.3125,147856.828125,165,4,1,276
5626,-2.670833,52.3125,147288.390625,165,4,1,276
5627,-2.670833,52.304167,146361.109375,165,4,1,276
5628,-2.6625,52.304167,145792.578125,165,4,1,276
5629,-2.654167,52.304167,145224.046875,165,4,1,276
5630,-2.645833,52.304167,144655.515625,165,4,1,276
5631,-2.6375,52.304167,144086.984375,165,4,1,276
5632,-2.629167,52.304167,143518.453125,165,4,1,276
5633,-2.620833,52.304167,142949.921875,165,4,1,276
5634,-2.6125,52.304167,142381.390625,165,4,1,276
5635,-2.6125,52.3125,141454.109375,165,4,1,276
5636,-2.604167,52.3125,140885.671875,165,4,1,276
5637,-2.5958330000000003,52.3125,140317.234375,165,4,1,276
5638,-2.5875,52.3125,139748.796875,165,4,1,276
5639,-2.579167,52.3125,139180.359375,165,4,1,276
5640,-2.5708330000000004,52.3125,138611.921875,165,4,1,276
5641,-2.5625,52.3125,138043.484375,165,4,1,276
5642,-2.554167,52.3125,137475.046875,165,4,1,276
5643,-2.545833,52.3125,136906.609375,165,4,1,276
5644,-2.5375,52.3125,136338.171875,165,4,1,276
5645,-2.529167,52.3125,135769.734375,165,4,1,276
5646,-2.520833,52.3125,135201.296875,165,4,1,276
5647,-2.520833,52.320833,134274.015625,165,4,1,276
5648,-2.5125,52.320833,133705.6875,165,4,1,276
5649,-2.504167,52.320833,133137.359375,165,4,1,276
5650,-2.495833,52.320833,132569.03125,165,4,1,276
5651,-2.4875,52.320833,132000.703125,165,4,1,276
5652,-2.4875,52.3125,131073.421875,165,4,1,276
5653,-2.479167,52.3125,130504.984375,165,4,1,276
5654,-2.4708330000000003,52.3125,129936.55468800002,165,4,1,276
5655,-2.4625,52.3125,129368.125,165,4,1,276
5656,-2.4625,52.304167,128440.85156199998,165,4,1,276
5657,-2.454167,52.304167,127872.3125,165,4,1,276
5658,-2.4458330000000004,52.304167,127303.77343800002,165,4,1,276
5659,-2.4375,52.304167,126735.234375,165,4,1,276
5660,-2.4375,52.295833,125807.96093800002,165,4,1,276
5661,-2.429167,52.295833,125239.32031199998,165,4,1,276
5662,-2.429167,52.2875,124312.046875,165,4,1,276
5663,-2.420833,52.2875,123743.296875,165,4,1,276
5664,-2.420833,52.279167,122816.02343800002,165,4,1,276
5665,-2.4125,52.279167,122247.16406199998,165,4,1,276
5666,-2.4125,52.270833,121319.890625,165,4,1,276
5667,-2.404167,52.270833,120750.92968800002,165,4,1,276
5668,-2.404167,52.2625,119823.66406199998,165,4,1,276
5669,-2.395833,52.2625,119254.59375,165,4,1,276
5670,-2.395833,52.254167,118327.328125,165,4,1,276
5671,-2.3875,52.254167,117758.14843800002,165,4,1,276
5672,-2.3875,52.24583300000001,116830.88281199998,165,4,1,276
5673,-2.379167,52.24583300000001,116261.60156199998,165,4,1,276
5674,-2.379167,52.2375,115334.33593800002,165,4,1,276
5675,-2.379167,52.229167,114407.07031199998,165,4,1,276
5676,-2.3875,52.229167,113837.57031199998,165,4,1,276
5677,-2.3875,52.220833,112910.30468800002,165,4,1,276
5678,-2.395833,52.220833,112340.703125,165,4,1,276
5679,-2.395833,52.2125,111413.44531199998,165,4,1,276
5680,-2.395833,52.204167,110486.1875,165,4,1,276
5681,-2.395833,52.195833,109558.92968800002,165,4,1,276
5682,-2.3875,52.195833,108989.00781199998,165,4,1,276
5683,-2.3875,52.204167,108061.75,165,4,1,276
5684,-2.379167,52.204167,107491.9375,165,4,1,276
5685,-2.370833,52.204167,106922.125,165,4,1,276
5686,-2.370833,52.195833,105994.867188,165,4,1,276
5687,-2.3625,52.195833,105424.945312,165,4,1,276
5688,-2.354167,52.195833,104855.023438,165,4,1,276
5689,-2.3458330000000003,52.195833,104285.101562,165,4,1,276
5690,-2.3375,52.195833,103715.179688,165,4,1,276
5691,-2.329167,52.195833,103145.257812,165,4,1,276
5692,-2.329167,52.1875,102218.0,165,4,1,276
5693,-2.3208330000000004,52.1875,101647.96875,165,4,1,276
5694,-2.3208330000000004,52.179167,100720.710938,165,4,1,276
5695,-2.3125,52.179167,100150.578125,165,4,1,276
5696,-2.304167,52.179167,99580.445312,165,4,1,276
5697,-2.295833,52.179167,99010.3125,165,4,1,276
5698,-2.2875,52.179167,98440.179688,165,4,1,276
5699,-2.279167,52.179167,97870.046875,165,4,1,276
5700,-2.279167,52.170833,96942.789062,165,4,1,276
5701,-2.270833,52.170833,96372.546875,165,4,1,276
5702,-2.2625,52.170833,95802.304688,165,4,1,276
5703,-2.254167,52.170833,95232.0625,165,4,1,276
5704,-2.245833,52.170833,94661.820312,165,4,1,276
5705,-2.2375,52.170833,94091.578125,165,4,1,276
6101,-1.554167,52.320833,163691.15625,175,5,1,286
6102,-1.554167,52.3125,162763.875,175,5,1,286
6103,-1.5625,52.3125,162195.4375,175,5,1,286
6104,-1.5625,52.304167,161268.15625,175,5,1,286
6105,-1.570833,52.304167,160699.625,175,5,1,286
6106,-1.570833,52.295833,159772.34375,175,5,1,286
6107,-1.5625,52.295833,159203.703125,175,5,1,286
6108,-1.5625,52.2875,158276.4375,175,5,1,286
6109,-1.570833,52.2875,157707.6875,175,5,1,286
6110,-1.570833,52.279167,156780.421875,175,5,1,286
6111,-1.579167,52.279167,156211.5625,175,5,1,286
6112,-1.579167,52.270833,155284.296875,175,5,1,286
6113,-1.5875,52.270833,154715.328125,175,5,1,286
6114,-1.5875,52.2625,153788.0625,175,5,1,286
6115,-1.595833,52.2625,153219.0,175,5,1,286
6116,-1.595833,52.254167,152291.734375,175,5,1,286
6117,-1.604167,52.254167,151722.5625,175,5,1,286
6118,-1.604167,52.24583300000001,150795.296875,175,5,1,286
6119,-1.6125,52.24583300000001,150226.015625,175,5,1,286
6120,-1.6125,52.2375,149298.75,175,5,1,286
6121,-1.6125,52.229167,148371.484375,175,5,1,286
6122,-1.6125,52.220833,147444.21875,175,5,1,286
6123,-1.6125,52.2125,146516.953125,175,5,1,286
6124,-1.620833,52.2125,145947.25,175,5,1,286
6125,-1.629167,52.2125,145377.546875,175,5,1,286
6126,-1.629167,52.204167,144450.28125,175,5,1,286
6127,-1.6375,52.204167,143880.46875,175,5,1,286
6128,-1.645833,52.204167,143310.65625,175,5,1,286
6129,-1.6541669999999995,52.204167,142740.84375,175,5,1,286
6130,-1.6541669999999995,52.2125,141813.578125,175,5,1,286
6131,-1.6625,52.2125,141243.875,175,5,1,286
6132,-1.6708330000000002,52.2125,140674.171875,175,5,1,286
6133,-1.6708330000000002,52.204167,139746.90625,175,5,1,286
6134,-1.679167,52.204167,139177.09375,175,5,1,286
6135,-1.6875,52.204167,138607.28125,175,5,1,286
6136,-1.6875,52.195833,137680.015625,175,5,1,286
6137,-1.695833,52.195833,137110.09375,175,5,1,286
6138,-1.695833,52.1875,136182.84375,175,5,1,286
6139,-1.7041669999999998,52.1875,135612.8125,175,5,1,286
6140,-1.7041669999999998,52.179167,134685.5625,175,5,1,286
6141,-1.7125,52.179167,134115.421875,175,5,1,286
6142,-1.7208330000000005,52.179167,133545.28125,175,5,1,286
6143,-1.729167,52.179167,132975.140625,175,5,1,286
6144,-1.7375,52.179167,132405.0,175,5,1,286
6145,-1.7375,52.170833,131477.75,175,5,1,286
6146,-1.7458330000000002,52.170833,130907.5,175,5,1,286
6147,-1.7541669999999998,52.170833,130337.25781199998,175,5,1,286
6148,-1.7625,52.170833,129767.015625,175,5,1,286
6149,-1.770833,52.170833,129196.77343800002,175,5,1,286
6150,-1.7791669999999995,52.170833,128626.53125,175,5,1,286
6151,-1.7875,52.170833,128056.28906199998,175,5,1,286
6152,-1.7875,52.1625,127129.03906199998,175,5,1,286
6153,-1.7958330000000002,52.1625,126558.6875,175,5,1,286
6154,-1.804167,52.1625,125988.33593800002,175,5,1,286
6155,-1.8125,52.1625,125417.984375,175,5,1,286
6156,-1.820833,52.1625,124847.63281199998,175,5,1,286
6157,-1.829167,52.1625,124277.28125,175,5,1,286
6158,-1.8375,52.1625,123706.92968800002,175,5,1,286
6159,-1.8458330000000005,52.1625,123136.578125,175,5,1,286
6160,-1.854167,52.1625,122566.22656199998,175,5,1,286
6161,-1.854167,52.154167,121638.97656199998,175,5,1,286
6162,-1.8625,52.154167,121068.52343800002,175,5,1,286
6163,-1.870833,52.154167,120498.07031199998,175,5,1,286
6164,-1.879167,52.154167,119927.61718800002,175,5,1,286
6165,-1.879167,52.145833,119000.36718800002,175,5,1,286
6166,-1.8875,52.145833,118429.80468800002,175,5,1,286
6167,-1.8875,52.1375,117502.55468800002,175,5,1,286
6168,-1.895833,52.1375,116931.88281199998,175,5,1,286
6169,-1.895833,52.129167,116004.63281199998,175,5,1,286
6170,-1.904167,52.129167,115433.859375,175,5,1,286
6171,-1.9125,52.129167,114863.08593800002,175,5,1,286
6172,-1.9125,52.12083300000001,113935.83593800002,175,5,1,286
6173,-1.920833,52.12083300000001,113364.953125,175,5,1,286
6174,-1.920833,52.1125,112437.71093800002,175,5,1,286
6175,-1.929167,52.1125,111866.72656199998,175,5,1,286
6176,-1.929167,52.104167,110939.484375,175,5,1,286
6177,-1.929167,52.095833,110012.24218800002,175,5,1,286
6178,-1.9375,52.095833,109441.03906199998,175,5,1,286
6179,-1.9375,52.0875,108513.796875,175,5,1,286
6180,-1.945833,52.0875,107942.49218800002,175,5,1,286
6181,-1.945833,52.095833,107015.25,175,5,1,286
6182,-1.954167,52.095833,106444.046875,175,5,1,286
6183,-1.954167,52.104167,105516.804688,175,5,1,286
6184,-1.954167,52.1125,104589.5625,175,5,1,286
6185,-1.9625,52.1125,104018.578125,175,5,1,286
6186,-1.9708330000000005,52.1125,103447.59375,175,5,1,286
6187,-1.9708330000000005,52.12083300000001,102520.351562,175,5,1,286
6188,-1.979167,52.12083300000001,101949.46875,175,5,1,286
6189,-1.9875,52.12083300000001,101378.585938,175,5,1,286
6190,-1.995833,52.12083300000001,100807.703125,175,5,1,286
6191,-1.995833,52.1125,99880.460938,175,5,1,286
6192,-2.004167,52.1125,99309.476562,175,5,1,286
6193,-2.004167,52.104167,98382.234375,175,5,1,286
6194,-2.0125,52.104167,97811.140625,175,5,1,286
6195,-2.020833,52.104167,97240.046875,175,5,1,286
6196,-2.020833,52.1125,96312.804688,175,5,1,286
6197,-2.029167,52.1125,95741.820312,175,5,1,286
6198,-2.0375,52.1125,95170.835938,175,5,1,286
6199,-2.0375,52.12083300000001,94243.59375,175,5,1,286
6200,-2.045833,52.12083300000001,93672.710938,175,5,1,286
6201,-2.054167,52.12083300000001,93101.828125,175,5,1,286
6202,-2.0625,52.12083300000001,92530.945312,175,5,1,286
6203,-2.0625,52.1125,91603.703125,175,5,1,286
6204,-2.0708330000000004,52.1125,91032.71875,175,5,1,286
6205,-2.0708330000000004,52.104167,90105.476562,175,5,1,286
6206,-2.079167,52.104167,89534.382812,175,5,1,286
6207,-2.0875,52.104167,88963.289062,175,5,1,286
6208,-2.0875,52.095833,88036.046875,175,5,1,286
6209,-2.0958330000000003,52.095833,87464.84375,175,5,1,286
6210,-2.0958330000000003,52.0875,86537.601562,175,5,1,286
6211,-2.0875,52.0875,85966.296875,175,5,1,286
6212,-2.0875,52.079167,85039.054688,175,5,1,286
6213,-2.0958330000000003,52.079167,84467.640625,175,5,1,286
6214,-2.104167,52.079167,83896.226562,175,5,1,286
6215,-2.1125,52.079167,83324.8125,175,5,1,286
6216,-2.120833,52.079167,82753.398438,175,5,1,286
6217,-2.120833,52.070833,81826.15625,175,5,1,286
6218,-2.129167,52.070833,81254.640625,175,5,1,286
6219,-2.129167,52.0625,80327.40625,175,5,1,286
6220,-2.120833,52.0625,79755.78125,175,5,1,286
6221,-2.120833,52.054167,78828.546875,175,5,1,286
6222,-2.120833,52.045833,77901.3125,175,5,1,286
6223,-2.120833,52.0375,76974.078125,175,5,1,286
6224,-2.120833,52.029167,76046.84375,175,5,1,286
6225,-2.129167,52.029167,75474.789062,175,5,1,286
6226,-2.129167,52.020833,74547.554688,175,5,1,286
6227,-2.1375,52.020833,73975.398438,175,5,1,286
6228,-2.1375,52.0125,73048.171875,175,5,1,286
6229,-2.145833,52.0125,72475.90625,175,5,1,286
6230,-2.145833,52.004167,71548.679688,175,5,1,286
6231,-2.154167,52.004167,70976.3125,175,5,1,286
6232,-2.154167,51.99583300000001,70049.085938,175,5,1,286
6233,-2.1625,51.99583300000001,69476.609375,175,5,1,286
